Nome,Link,Preço
Fone de ouvido over-ear gamer Havit Gamer H2232D H2232D branco com luz  rgb LED,https://www.mercadolivre.com.br/fone-de-ouvido-over-ear-gamer-havit-gamer-h2232d-h2232d-branco-com-luz-rgb-led/p/MLB29693948#searchVariation%3DMLB29693948%26position%3D5%26search_layout%3Dgrid%26type%3Dproduct%26tracking_id%3D6eb7299e-ee8c-4ca4-ba85-847efebdb160,"R$78,90"
Headset Gamer Mancer Twilight Rgb Drivers 50mm Cor Preto,https://www.mercadolivre.com.br/headset-gamer-mancer-twilight-rgb-drivers-50mm-cor-preto/p/MLB23174784#searchVariation%3DMLB23174784%26position%3D8%26search_layout%3Dgrid%26type%3Dproduct%26tracking_id%3D6eb7299e-ee8c-4ca4-ba85-847efebdb160,"R$87,99"
Fone de ouvido Headset Gamer HAVIT H2002d P3 PS3/PS4/XBOX/PC Preto,https://www.mercadolivre.com.br/fone-de-ouvido-headset-gamer-havit-h2002d-p3-ps3ps4xboxpc-preto/p/MLB15345937#searchVariation%3DMLB15345937%26position%3D2%26search_layout%3Dgrid%26type%3Dproduct%26tracking_id%3D6eb7299e-ee8c-4ca4-ba85-847efebdb160,"R$210,00"
Fone Headset Gamer C/ Luz Led P/ Celular Jogar Free Fire Cor Preto Cor da luz Rainbow,https://www.mercadolivre.com.br/fone-headset-gamer-c-luz-led-p-celular-jogar-free-fire-cor-preto-cor-da-luz-rainbow/p/MLB19819953#searchVariation%3DMLB19819953%26position%3D3%26search_layout%3Dgrid%26type%3Dproduct%26tracking_id%3D6eb7299e-ee8c-4ca4-ba85-847efebdb160,"R$47,00"
"HAVIT Fone de Ouvido Headset Gamer FUXI-H3 Quad-Mode (com fio e sem fio, Wireless 2,4GHz, Bluetooth, Cabo USB-C, Cabo Auxiliar 3.5mm). Surround, Baixa Latência - Preto",https://www.mercadolivre.com.br/havit-fone-de-ouvido-headset-gamer-fuxi-h3-quad-mode-com-fio-e-sem-fio-wireless-24ghz-bluetooth-cabo-usb-c-cabo-auxiliar-35mm-surround-baixa-latncia-preto/p/MLB27166077#searchVariation%3DMLB27166077%26position%3D6%26search_layout%3Dgrid%26type%3Dproduct%26tracking_id%3D6eb7299e-ee8c-4ca4-ba85-847efebdb160,"R$219,00"
Headset com fio H390 USB Preto Logitech,https://www.mercadolivre.com.br/headset-com-fio-h390-usb-preto-logitech/p/MLB6417063#searchVariation%3DMLB6417063%26position%3D1%26search_layout%3Dgrid%26type%3Dproduct%26tracking_id%3D6eb7299e-ee8c-4ca4-ba85-847efebdb160,"R$210,00"
"Headset Estéreo H111 multidispositivos 3,5 mm Cinza Logitech",https://www.mercadolivre.com.br/headset-estereo-h111-multidispositivos-35-mm-cinza-logitech/p/MLB11754916#searchVariation%3DMLB11754916%26position%3D7%26search_layout%3Dgrid%26type%3Dproduct%26tracking_id%3D6eb7299e-ee8c-4ca4-ba85-847efebdb160,"R$77,41"
Fone de ouvido over-ear gamer Havit Gamer H2002d H2002d vermelho,https://www.mercadolivre.com.br/fone-de-ouvido-over-ear-gamer-havit-gamer-h2002d-h2002d-vermelho/p/MLB15830186#searchVariation%3DMLB15830186%26position%3D18%26search_layout%3Dgrid%26type%3Dproduct%26tracking_id%3D6eb7299e-ee8c-4ca4-ba85-847efebdb160,"R$199,98"
Headset Office P/ Computador Telefone C/ Conector Usb 5+,https://www.mercadolivre.com.br/headset-office-p-computador-telefone-c-conector-usb-5/p/MLB21364840#searchVariation%3DMLB21364840%26position%3D23%26search_layout%3Dgrid%26type%3Dproduct%26tracking_id%3D6eb7299e-ee8c-4ca4-ba85-847efebdb160,"R$109,90"
Fone De Ouvido Headset Gamer Rgb Led Pc Computador Vídeogame,https://click1.mercadolivre.com.br/mclics/clicks/external/MLB/count?a=5b9%2B7zQI1FaXfX4VGg7anjY5yrKoUsRmQgZzNp9EYrvL17EfuE5A7Zjn4CEFje35yBJJSF87U7mJKvFLdgP%2BMwpzMLwQADhplzxagsEtwWAXlLfntEOJVvRoyMFiPdMxFtyJelr6ODnc9EagvFSd6HS7hKdsTNCixqc6iAdC2IA3gVDHIKRXoIUnLHbG16qHaZ6HWFqBDQgt6OPdrB85lRy7lyG5a0j3HnwrMd4Lqj1PV8ihuVTM5dragPFxG7DReA5xOy0Xr4chYyHZV6JDPN01jL4mNXBCJGJ%2BtHXnEsqBtf81vO30cM%2BYQixdZNWtuzQYEBKpH3WkFmtDraiGruJ4gCfcaKH2H0L5RpiE5TSK2ps4196D9iB8%2B8wekDWZnsePEE%2Fe8IrzurWeQAzdIVs%2B7ESLJ%2FYKC9ZDiIvRg2zydoJPtAPy%2B0Cc%2Bk%2FbxQmvCkxMTat28cyELMybMLGrYlGHBY634IM1LLCyp7FN0AMbp4E1sQfRzKaBe%2FFtqYDSwYDo1LrZzQPNei%2BCRPLrhyJ2SOzygYSlbX5xA5kZWFSG5zFCCZm%2FhY2gYhS67o2OdHIFXq0BGgsTfc3uWjkWz9leN%2BJ8LFx%2Bhy8QavwmYZ37lWWZiJ%2FcITkbyqwulckD1653TK45n1v9CSSKxVwjQSMN%2FcBLpyKKvO8cJ8u9%2F%2FK2yG5ksk147377MrSvvdmnAlawt3%2B30jYUTedq4zN%2Fomj2JEXTPsoNsSYpGYCGzkqp7XwyMCbxiDeU5A%3D%3D&e=mclics%2Fpseudo-search-pads-buybox%2B7708%2Cmclics%2Fdiscard-bid-lt-min%2B45362%2Cmclics%2Fmax-bid-capped%2B36382%2Cmclics%2Fmax-bid-item-factor%2B23927&rb=x,"R$63,65"
Fone De Ouvido Headset Gamer Led Rgb Pc Computador Videogame,https://click1.mercadolivre.com.br/mclics/clicks/external/MLB/count?a=zfpI3W8YYw7su%2BNsBZR0MW0xjAys8jhjA5ih4JykO15TSSgs6No6hVQHHGhh%2Frp6cilsUJZtMgo8KT89Mjq9OcD6yr0T1QA8VErFXfeZGDw7s1%2BL3nBDR%2BqVqDS6WcBytiYE2xvOKZ8O9zAMxskJA8dUsGwXJB0JE9c6a%2FTeOe8ICRm6XGkJ%2F9zT6rqV%2BLRPMLfcW4dPqXR82JthsEYqwpKh07kuKVuzsEUxy6Mqgvw0mOQZOJaYTDXY0nPNKKxxdkOKQizvI4cL0T2aMfybubihA1LeK7mq3pTKeInnMefuVc%2FLGM4LiNTYDsPtmVP92k9qRjBoem5ydH2aRZ3XkKcekf8CppJMsDJg0wWagTQnnNUsUTyUMr3SeIDeGhpe52y6wwpev1CTihDMUkjNzwnrGW6BJEZhegAsowkwMewCkibebRoHwSa0pMG2YDnEWIKQMCa%2B9w7OnPvxkfoAcyVKxIL4SbXCoulOuByUaDAZgDHUbBKZg1F9Y%2FgAeD1kZsNZe1KL7m6HFm47GpTiJS3mDgOC5DQGIPXwOJFQSTntitZompQnerg1%2FO%2FFI4gRj4R9YzQ%2FzF29pjUAYlj39wgpEwJqSP5w3kxR1Mm3DzGCE8vI1EbV%2Fc2%2BgRD972hlJCA2z6GPDQOSvf%2FXuiXvPcHTBmnhdlWMJhH%2BVOrOx9YcrkaO5HxqhW6g5G2YK3%2BguUXqVMvkTULdMSAvpRRYtZk8r%2BWsUqXdA%2B%2FbFeX4Ug2IT1uSARckdHqBkQ%3D%3D&e=mclics%2Fpseudo-search-pads-buybox%2B7708%2Cmclics%2Fdiscard-bid-lt-min%2B45362%2Cmclics%2Fmax-bid-capped%2B36382%2Cmclics%2Fmax-bid-item-factor%2B23927&rb=x,"R$52,46"
Fone De Ouvido Gamer Headset Gamer Pc Celular Ps4 Ps5 Xbox,https://click1.mercadolivre.com.br/mclics/clicks/external/MLB/count?a=CM6L7LdyMl7OIvqofjAk4JezASL50uNIeGalyIVXQ0X2FOR9GgkXoqxQvddz58ZXPMxnFwYt1cG%2BNPrUF2bu7CxFklO6d3va7Bv0%2BGNfn7P41yfbp7caFkdDy%2FOVNSTMLJQWY8aAUtTKU0KnmPRtuLiL9m5gMcqs9c2KpIPCO9JUd3uw4n5Kls1CaojUiPk2Im8eI%2BK95rH2VxYdoUrjHaMSrGuGR0NBAirOBNW6ac0YzEM081xLCgYlVTnSD6nmSrWle3rWe8dk54JiCgsJpFBrZTz8K7vwUXrb6yeVq5GZsUTpGIQWYg%2BRb5YXahtTdSoG2fz1j65ymlVhRBzUvIbkEjjzUTjbJ%2BzSem1IL7yvfbSFdQYqE13kMO8j2ghG2JZD1Wr7yVWt6vdkvZc0TjeNb8slKa5G8I6gCzgFAAazzxuYpbUB7v35JsdBIVIRsvCKfdoGBmPJI%2Fv60cZggvA6On2b4JXSepw%2B9H0rTFw719Mz8NwqHZd6fvbwdrM7fBE%2FFa%2FOgFFUi522LpAWhrO9q9iPiJMNnQfgOPqy5d1C%2F09PBCI8gM4LyOtNZhEJVp%2Bpftrxfc3f35FERfsvfjKnaBhVC8Ku7HTGUxOi7qBAVmtHI%2F0fhy3BICsI%2BDUkCz8uECpp%2FzgViHTm3VxhXTexgcbUeyUtvooFbdxrRKtHkWiMSz3iDsbmiyMG7g%2FOT8KXSNIeC2uhUGwNg%2FMZ7TGYGO1cfVwsd%2Fol3RCvqYN8fWRXSjsdmcI6WQ%3D%3D&e=mclics%2Fpseudo-search-pads-buybox%2B7708%2Cmclics%2Fdiscard-bid-lt-min%2B45362%2Cmclics%2Fmax-bid-capped%2B36382%2Cmclics%2Fmax-bid-item-factor%2B23927&rb=x,"R$57,59"
Headset Gamer Havit Gamenote H2002y Mic Removível Preto,https://www.mercadolivre.com.br/headset-gamer-havit-gamenote-h2002y-mic-removivel-preto/p/MLB27846566#searchVariation%3DMLB27846566%26position%3D9%26search_layout%3Dgrid%26type%3Dproduct%26tracking_id%3D6eb7299e-ee8c-4ca4-ba85-847efebdb160,"R$189,99"
Headset Gamer Qcy H2 Bluetooth 5.3 Multiponto On-ear 3d 60h Cor Preto,https://www.mercadolivre.com.br/headset-gamer-qcy-h2-bluetooth-53-multiponto-on-ear-3d-60h-cor-preto/p/MLB25907254#searchVariation%3DMLB25907254%26position%3D29%26search_layout%3Dgrid%26type%3Dproduct%26tracking_id%3D6eb7299e-ee8c-4ca4-ba85-847efebdb160,"R$179,10"
Fone de ouvido over-ear gamer sem fio Onikuma Gamer K1-B K1 camouflage yellow,https://www.mercadolivre.com.br/fone-de-ouvido-over-ear-gamer-sem-fio-onikuma-gamer-k1-b-k1-camouflage-yellow/p/MLB14705580#searchVariation%3DMLB14705580%26position%3D22%26search_layout%3Dgrid%26type%3Dproduct%26tracking_id%3D6eb7299e-ee8c-4ca4-ba85-847efebdb160,"R$69,99"
Suporte De Mesa P/ Headset Headphone Fone Modelo Champions Cor Preto,https://www.mercadolivre.com.br/suporte-de-mesa-p-headset-headphone-fone-modelo-champions-cor-preto/p/MLB22643036#searchVariation%3DMLB22643036%26position%3D4%26search_layout%3Dgrid%26type%3Dproduct%26tracking_id%3D6eb7299e-ee8c-4ca4-ba85-847efebdb160,"R$29,90"
Fone De Ouvido Gamer Headset Havit H2015d Pc/xbox/ps4/ps5,https://www.mercadolivre.com.br/fone-de-ouvido-gamer-headset-havit-h2015d-pcxboxps4ps5/p/MLB19693803#searchVariation%3DMLB19693803%26position%3D17%26search_layout%3Dgrid%26type%3Dproduct%26tracking_id%3D6eb7299e-ee8c-4ca4-ba85-847efebdb160,"R$189,99"
Suporte De Mesa Para Fone De Ouvido Headfone Gamer2 Cor Preto,https://www.mercadolivre.com.br/suporte-de-mesa-para-fone-de-ouvido-headfone-gamer2-cor-preto/p/MLB22591810#searchVariation%3DMLB22591810%26position%3D14%26search_layout%3Dgrid%26type%3Dproduct%26tracking_id%3D6eb7299e-ee8c-4ca4-ba85-847efebdb160,"R$39,00"
Headset Top Use Fp-350 Usb Com Cancelador De Ruído,https://click1.mercadolivre.com.br/mclics/clicks/external/MLB/count?a=LNKZ3RXl%2FsrfvqB%2BrWZCU%2B7%2FrLJ%2Bc94OU2r2%2BOrVodVZPaZCS%2BmOkz8yJ1SyrnN8PtNl%2BX7p9N%2B5dSBZaDa2zFreNkHtpthAy4sPTzum4qiPxVYtGe6umLgmHloMRXB%2BhF33s1pFoK9oKuvtepst2Ms4EXkgrX3S99c2%2FAcdhgazKljf19zRGwpPNh7DWSlbuJyUXngzoyYh2pUBgDhFzpSTCC7mq8NMafajptWTaSmGht5qWAtQfB1M7tLfzl4e%2Fm58IFaz%2FL2jNW6mqFrzOl4d0Dd40R0qVTNLlX090bcYw9uEp%2FG1GLiwASZvvBRQNKchXcR%2FSha6tfyv2NhbRhRocjlBcvccy0kMSWCYN1N6Z3wHyUSpFfC1SY%2Fp0IiiWLH5xyYZBeWZz7rqzW2PXaAl4euAmHn6Z7I4MVTH69uddWgPggQcO4mhDKIqqoAwbTqBH8AIIYh0Uj5W1y7cUIw9%2B0j9j0MYllQe17zE9nfrGtLU7SnV6n0g2PoT3u1BnxEGX8zasWY%2BaVfqK3eSGepibY%2FdJqCyS69O6MK5hV6hjtrvRn7FUxXSpPuQxWAEOpnSiL0tdMdhF5BQEI%2FC2SBQu%2B5BhSjbNSAyegAgurdsf5Lc50%2BE2e%2BKioGhrKxiIn7MF2ad%2FJy9JIFTVUfkQhqLe%2BcKRCDKNx7vCQ9lGSkbthPywRKEze51T55gS9niqiDE9YCVqlgLtw9rJWHJdC9Im4v7E9X5ZvjfwybTK%2F825A%3D%3D&e=mclics%2Fpseudo-search-pads-buybox%2B7708%2Cmclics%2Fdiscard-bid-lt-min%2B45362%2Cmclics%2Fmax-bid-capped%2B36382%2Cmclics%2Fmax-bid-item-factor%2B23927&rb=x,"R$195,00"
Headset Gamer Fone Ouvido Usb Com Microfone Ps5 Xbox Pc Nf-e,https://click1.mercadolivre.com.br/mclics/clicks/external/MLB/count?a=PnI8rlFdp76FnYgFpxzOYx1c4DfYeOoqn1QiMFUmfh7TGy9rnfCprDHBsiGy840SBDDxLLgDcKVklA30P3tODZCnXLIMUR2KB7YkyJI0uxaVvpIK4cVoWHaZ0hphf6RR%2FwpKJ0554moq0XdSYR1T2D05ECtZyeMy%2BlPpzJA2vrIKrNpgK9MmqPUjVNdbmO56ul4TIeNq6U%2BL68E5tadyuQ7OKf1Z2zJK4JpeBhixzfLPD8bU4mLf3k%2Bvd9ZPeOwGyXsbbiRxiims87L5aOzhXIwh%2BWdvIMR92%2BCZ811y%2BrA7vE7rpAMKD6IsyrxdalRhf%2BFlJq1gaGzjJ2ASXEd%2BdlKoxUE5W8VMO1Nr%2Fap%2F5mYpzbtYjrupMLijegxS9zxJOzopJfda1DCzYNdCNhfgZk9WW55JFYoRHj73O6TgA0jU5TkgV1hCQiiwtidcJ7QpHky89bTn4zxtrdxJuFmRp5lF2PQxjdaZKc6wqlyctJN8u3s0%2FQQtaK3DobvKF5o2FqbwlK5uCLteWnJUqaqEDGLIaNiWDDngvDSQexOchaYnfE%2FYUwWuBIG558edjoPgWFhHAVTRNk5kkL78VpdnbGYzYvZCNCIJgl0YOQon6SdlIbH6OQXhkGo38V7FrzYIbOyfd9C2YKpRE3jJPvSXQ3KavtiaY9Jvwo5vtXT7IKlouZEbvEkuPh3h9kV85uuwsQkfEdO2If36zo2HenDF8o5h%2B7c4q8Rz86Qsnr4pJdyDrbf6HT33D0npiyL1VAlR8pTLRrYgM4ogjpGQ8j82ble19AJc0FfNHijjw%2Be%2BnK37Pz5CgC1IamCOjG5yQV2rA2rct1oFlRYeZeLNTX%2Buflwi&e=mclics%2Fpseudo-search-pads-buybox%2B7708%2Cmclics%2Fdiscard-bid-lt-min%2B45362%2Cmclics%2Fmax-bid-capped%2B36382%2Cmclics%2Fmax-bid-item-factor%2B23927&rb=x,"R$189,90"
Headset Gamer Ps4 Celular Games Pc C/mudo Profissional,https://click1.mercadolivre.com.br/mclics/clicks/external/MLB/count?a=y4nsQNyAHmPeNzoBOgmPDmZHitSsxnx%2F5d5sSEpP22eq%2BVnjRy0P0s7X7QBOD3E34CTd%2FqrYV3EsrOWQgcxCxP4pLOg%2FW9RDljSZGod0Cpf%2Bal2pUN3UFqFlUvBhBGgcljMdmF0neD22Y9FVinfbBVyiMyaOIEF%2FcMukXH9P3ghYKMKAzLbAw4nVt8Gm4PxYmWQ0X50gtOVfCc29PzG9t2IRTY0y3N50taAlvH5Q61N2J8pH1nfDjXFBxOH4NrqJP8QfNBLPdnEiMh%2F70J8z51hm%2BwlNaugbE62wJYSMrXygxATRBhGpwO9tUAJTMULlWrTwqPIthY5SUKeAvBiStJVFRhJvajewmhtlRq2Z0UxdBwR2M3FV6dn8fXOM4tV2etx33Axg2O73EA%2FPC7XpoNHBrI5eN06EQanDE38wq6mVlJSNrCure%2F9naK18Ph5%2FMCXIwyeoXLO9x3Jybfpkag4Ah1sN7Q7mihMWOTtpXAwe%2BmDrcEwTccvVq2sjIQk28%2F2qtlWp4untmzk%2B2BtXKnZxtPCdwIdK8jwQGzr5Q9nH6Z%2B%2FZ5KmV9kAY0ETgA%2FiMej8MKl9cuFvKUr02KlA6IwgbUE9c%2B22eJDlBwRFaY387aiv3AglJpd8Wb8gDBimp5wawehZGUrLRvC5kPQnGvdiiwgKPgKURpKJLE538SnI5XIahz2ugBlxcLuyZ%2B9mJl7q9b6VmzSdGkMMcB2CRudf2RYSbnfRzOfXZHhEOj73ZfOSVg%3D%3D&e=mclics%2Fpseudo-search-pads-buybox%2B7708%2Cmclics%2Fdiscard-bid-lt-min%2B45362%2Cmclics%2Fmax-bid-capped%2B36382%2Cmclics%2Fmax-bid-item-factor%2B23927&rb=x,"R$65,72"
Headset Fone Para Pc Telemarketing Callcenter Com Mute Usb Cor Preto,https://www.mercadolivre.com.br/headset-fone-para-pc-telemarketing-callcenter-com-mute-usb-cor-preto/p/MLB20203862#searchVariation%3DMLB20203862%26position%3D38%26search_layout%3Dgrid%26type%3Dproduct%26tracking_id%3D6eb7299e-ee8c-4ca4-ba85-847efebdb160,"R$99,80"
Espumas Almofadas Compatível Bose Qc25 Qc35 Qc15 Qc45 Ae2 Cor Preto / LR Preto,https://www.mercadolivre.com.br/espumas-almofadas-compativel-bose-qc25-qc35-qc15-qc45-ae2-cor-preto-lr-preto/p/MLB24253820#searchVariation%3DMLB24253820%26position%3D34%26search_layout%3Dgrid%26type%3Dproduct%26tracking_id%3D6eb7299e-ee8c-4ca4-ba85-847efebdb160,"R$44,34"
Headset Fifine Ampligame H6 Rgb 7.1 Surround Gamer Cor Preto,https://www.mercadolivre.com.br/headset-fifine-ampligame-h6-rgb-71-surround-gamer-cor-preto/p/MLB20326640#searchVariation%3DMLB20326640%26position%3D16%26search_layout%3Dgrid%26type%3Dproduct%26tracking_id%3D6eb7299e-ee8c-4ca4-ba85-847efebdb160,"R$285,00"
Headset Gamer Redragon Minos Overear 7.1 Surround Usb Branco Luz Vermelho,https://www.mercadolivre.com.br/headset-gamer-redragon-minos-overear-71-surround-usb-branco-luz-vermelho/p/MLB19591937#searchVariation%3DMLB19591937%26position%3D15%26search_layout%3Dgrid%26type%3Dproduct%26tracking_id%3D6eb7299e-ee8c-4ca4-ba85-847efebdb160,"R$128,00"
Headset Gamer Com Fio E Microfone Quantum 300 Preto Jbl Cor da luz n/a,https://www.mercadolivre.com.br/headset-gamer-com-fio-e-microfone-quantum-300-preto-jbl-cor-da-luz-na/p/MLB18607184#searchVariation%3DMLB18607184%26position%3D35%26search_layout%3Dgrid%26type%3Dproduct%26tracking_id%3D6eb7299e-ee8c-4ca4-ba85-847efebdb160,"R$438,00"
"HAVIT Fone de Ouvido Headset Gamer FUXI-H3 Quad-Mode (com fio e sem fio, Wireless 2,4GHz, Bluetooth, Cabo USB-C, Cabo Auxiliar 3.5mm). Surround, Baixa Latência - Branco",https://www.mercadolivre.com.br/havit-fone-de-ouvido-headset-gamer-fuxi-h3-quad-mode-com-fio-e-sem-fio-wireless-24ghz-bluetooth-cabo-usb-c-cabo-auxiliar-35mm-surround-baixa-latncia-branco/p/MLB29023671#searchVariation%3DMLB29023671%26position%3D13%26search_layout%3Dgrid%26type%3Dproduct%26tracking_id%3D6eb7299e-ee8c-4ca4-ba85-847efebdb160,"R$208,05"
Headset Gamer Havit H2002d Edição Cores White Red Roxo Pink Cor Azul,https://www.mercadolivre.com.br/headset-gamer-havit-h2002d-edico-cores-white-red-roxo-pink-cor-azul/p/MLB26892220#searchVariation%3DMLB26892220%26position%3D33%26search_layout%3Dgrid%26type%3Dproduct%26tracking_id%3D6eb7299e-ee8c-4ca4-ba85-847efebdb160,"R$199,99"
Headset Gamer Motospeed H11 Led Vermelho 3.5 Usb Driver 40mm Cor Preto,https://www.mercadolivre.com.br/headset-gamer-motospeed-h11-led-vermelho-35-usb-driver-40mm-cor-preto/p/MLB22334709#searchVariation%3DMLB22334709%26position%3D28%26search_layout%3Dgrid%26type%3Dproduct%26tracking_id%3D6eb7299e-ee8c-4ca4-ba85-847efebdb160,"R$71,10"
"Hyperx Cloud 3, Diadema Gamer Dts®, PC, Ps5|4, Xbox X|S/One Color Preto/Preto",https://www.mercadolivre.com.br/hyperx-cloud-3-diadema-gamer-dts-pc-ps54-xbox-xsone-color-pretopreto/p/MLB27673837#searchVariation%3DMLB27673837%26position%3D31%26search_layout%3Dgrid%26type%3Dproduct%26tracking_id%3D6eb7299e-ee8c-4ca4-ba85-847efebdb160,"R$486,90"
Headset Gamer Hp H320gs 7.1 Com Led - Preto E Azul,https://www.mercadolivre.com.br/headset-gamer-hp-h320gs-71-com-led-preto-e-azul/p/MLB19725205#searchVariation%3DMLB19725205%26position%3D37%26search_layout%3Dgrid%26type%3Dproduct%26tracking_id%3D6eb7299e-ee8c-4ca4-ba85-847efebdb160,"R$199,90"
Fone de ouvido over-ear gamer Bright Headset office 0010,https://www.mercadolivre.com.br/fone-de-ouvido-over-ear-gamer-bright-headset-office-0010/p/MLB16158980#searchVariation%3DMLB16158980%26position%3D40%26search_layout%3Dgrid%26type%3Dproduct%26tracking_id%3D6eb7299e-ee8c-4ca4-ba85-847efebdb160,"R$21,58"
Fone de ouvido on-ear gamer Redragon Gamer Ares H120 preto e vermelho,https://www.mercadolivre.com.br/fone-de-ouvido-on-ear-gamer-redragon-gamer-ares-h120-preto-e-vermelho/p/MLB16056056#searchVariation%3DMLB16056056%26position%3D26%26search_layout%3Dgrid%26type%3Dproduct%26tracking_id%3D6eb7299e-ee8c-4ca4-ba85-847efebdb160,"R$77,90"
Headphone Gamer Havit H630bt ENC Bluetooth 5.3 On-ear 3d 55h Cor Preto,https://www.mercadolivre.com.br/headphone-gamer-havit-h630bt-enc-bluetooth-53-on-ear-3d-55h-cor-preto/p/MLB25967798#searchVariation%3DMLB25967798%26position%3D27%26search_layout%3Dgrid%26type%3Dproduct%26tracking_id%3D6eb7299e-ee8c-4ca4-ba85-847efebdb160,"R$158,00"
Espumas Almofadas Compatível Bose Qc25 Qc35 Qc15 Qc45 Ae2 Cor Cinza,https://www.mercadolivre.com.br/espumas-almofadas-compativel-bose-qc25-qc35-qc15-qc45-ae2-cor-cinza/p/MLB24250839#searchVariation%3DMLB24250839%26position%3D32%26search_layout%3Dgrid%26type%3Dproduct%26tracking_id%3D6eb7299e-ee8c-4ca4-ba85-847efebdb160,"R$44,34"
Kit 2 Suporte Headset Gamer Headphone Fone De Ouvido Parede Cor Preto,https://www.mercadolivre.com.br/kit-2-suporte-headset-gamer-headphone-fone-de-ouvido-parede-cor-preto/p/MLB23888331#searchVariation%3DMLB23888331%26position%3D39%26search_layout%3Dgrid%26type%3Dproduct%26tracking_id%3D6eb7299e-ee8c-4ca4-ba85-847efebdb160,"R$29,00"
Headset Gamer Havit Gamenote H2002bg Usb Bt 2.4hz Preto Cor da luz RGB,https://www.mercadolivre.com.br/headset-gamer-havit-gamenote-h2002bg-usb-bt-24hz-preto-cor-da-luz-rgb/p/MLB27849333#searchVariation%3DMLB27849333%26position%3D24%26search_layout%3Dgrid%26type%3Dproduct%26tracking_id%3D6eb7299e-ee8c-4ca4-ba85-847efebdb160,"R$290,00"
Headset Gamer Havit Gamenote H2008d Mic Removível Branco,https://www.mercadolivre.com.br/headset-gamer-havit-gamenote-h2008d-mic-removivel-branco/p/MLB38058371#searchVariation%3DMLB38058371%26position%3D30%26search_layout%3Dgrid%26type%3Dproduct%26tracking_id%3D6eb7299e-ee8c-4ca4-ba85-847efebdb160,"R$219,00"
Fone Headset Gamer Profissional Mento Rgb H270-rgb Redragon Cor Preto ,https://www.mercadolivre.com.br/fone-headset-gamer-profissional-mento-rgb-h270-rgb-redragon-cor-preto/p/MLB19777755#searchVariation%3DMLB19777755%26position%3D36%26search_layout%3Dgrid%26type%3Dproduct%26tracking_id%3D6eb7299e-ee8c-4ca4-ba85-847efebdb160,"R$166,00"
Headset C3 Tech com Microfone Ph-340bk Usb Stereo com Controle Cor Preto,https://www.mercadolivre.com.br/headset-c3-tech-com-microfone-ph-340bk-usb-stereo-com-controle-cor-preto/p/MLB21886122#searchVariation%3DMLB21886122%26position%3D41%26search_layout%3Dgrid%26type%3Dproduct%26tracking_id%3D6eb7299e-ee8c-4ca4-ba85-847efebdb160,"R$78,99"
Headset Mono Usb Blackwire C3210 Usb-a Single Plantronics,https://www.mercadolivre.com.br/headset-mono-usb-blackwire-c3210-usb-a-single-plantronics/p/MLB21895603#searchVariation%3DMLB21895603%26position%3D25%26search_layout%3Dgrid%26type%3Dproduct%26tracking_id%3D6eb7299e-ee8c-4ca4-ba85-847efebdb160,"R$220,00"
Headset Gamer Astro A10 P/ Xbox Preto - 939-002046,https://www.mercadolivre.com.br/headset-gamer-astro-a10-p-xbox-preto-939-002046/p/MLB26056853#searchVariation%3DMLB26056853%26position%3D50%26search_layout%3Dgrid%26type%3Dproduct%26tracking_id%3D6eb7299e-ee8c-4ca4-ba85-847efebdb160,"R$411,00"
Fone De Ouvido Headset Gamer Rgb Titorion HE-001 HE001 Cor Preto,https://www.mercadolivre.com.br/fone-de-ouvido-headset-gamer-rgb-titorion-he-001-he001-cor-preto/p/MLB27001420#searchVariation%3DMLB27001420%26position%3D46%26search_layout%3Dgrid%26type%3Dproduct%26tracking_id%3D6eb7299e-ee8c-4ca4-ba85-847efebdb160,"R$136,80"
Fone de Ouvido Gamer Fortrek Headset H2 Pro Over LED Azul Cor Preto para PC,https://www.mercadolivre.com.br/fone-de-ouvido-gamer-fortrek-headset-h2-pro-over-led-azul-cor-preto-para-pc/p/MLB14141807#searchVariation%3DMLB14141807%26position%3D55%26search_layout%3Dgrid%26type%3Dproduct%26tracking_id%3D6eb7299e-ee8c-4ca4-ba85-847efebdb160,"R$96,18"
Headset Logitech H390 Usb Controle De Volume Mute Branco,https://www.mercadolivre.com.br/headset-logitech-h390-usb-controle-de-volume-mute-branco/p/MLB24235357#searchVariation%3DMLB24235357%26position%3D53%26search_layout%3Dgrid%26type%3Dproduct%26tracking_id%3D6eb7299e-ee8c-4ca4-ba85-847efebdb160,"R$203,00"
Headset Gamer Mancer MCR-AUR-RGB01 Preto Aura Rainbow Drivers 50MM,https://www.mercadolivre.com.br/headset-gamer-mancer-mcr-aur-rgb01-preto-aura-rainbow-drivers-50mm/p/MLB26972008#searchVariation%3DMLB26972008%26position%3D48%26search_layout%3Dgrid%26type%3Dproduct%26tracking_id%3D6eb7299e-ee8c-4ca4-ba85-847efebdb160,"R$141,00"
Fone de ouvido on-ear gamer Top Use HTU-300 preto com luz LED,https://www.mercadolivre.com.br/fone-de-ouvido-on-ear-gamer-top-use-htu-300-preto-com-luz-led/p/MLB8901704#searchVariation%3DMLB8901704%26position%3D47%26search_layout%3Dgrid%26type%3Dproduct%26tracking_id%3D6eb7299e-ee8c-4ca4-ba85-847efebdb160,"R$159,90"
Fone de ouvido Plantronics Blackwire C3220 USB Tipo A e Tipo C,https://www.mercadolivre.com.br/fone-de-ouvido-plantronics-blackwire-c3220-usb-tipo-a-e-tipo-c/p/MLB37929237#searchVariation%3DMLB37929237%26position%3D42%26search_layout%3Dgrid%26type%3Dproduct%26tracking_id%3D6eb7299e-ee8c-4ca4-ba85-847efebdb160,"R$246,00"
Headset gamer sem fio 5+ HS-200 preto,https://www.mercadolivre.com.br/headset-gamer-sem-fio-5-hs-200-preto/p/MLB26858499#searchVariation%3DMLB26858499%26position%3D45%26search_layout%3Dgrid%26type%3Dproduct%26tracking_id%3D6eb7299e-ee8c-4ca4-ba85-847efebdb160,"R$149,90"
Jabra Evolve 30 Ii Stereo Ms - Fones de ouvido de comunicação,https://www.mercadolivre.com.br/jabra-evolve-30-ii-stereo-ms-fones-de-ouvido-de-comunicaco/p/MLB34082527#searchVariation%3DMLB34082527%26position%3D44%26search_layout%3Dgrid%26type%3Dproduct%26tracking_id%3D6eb7299e-ee8c-4ca4-ba85-847efebdb160,"R$361,00"
"HAVIT Fone de Ouvido Headset Gamer FUXI-H3 Quad-Mode (com fio e sem fio, Wireless 2,4GHz, Bluetooth, Cabo USB-C, Cabo Auxiliar 3.5mm). Surround, Baixa Latência - Cinza",https://www.mercadolivre.com.br/havit-fone-de-ouvido-headset-gamer-fuxi-h3-quad-mode-com-fio-e-sem-fio-wireless-24ghz-bluetooth-cabo-usb-c-cabo-auxiliar-35mm-surround-baixa-latncia-cinza/p/MLB29023672#searchVariation%3DMLB29023672%26position%3D43%26search_layout%3Dgrid%26type%3Dproduct%26tracking_id%3D6eb7299e-ee8c-4ca4-ba85-847efebdb160,"R$219,00"
Fone Headset Home Office Sem Fio Bluetooth HS-203 - 5+,https://www.mercadolivre.com.br/fone-headset-home-office-sem-fio-bluetooth-hs-203-5/p/MLB27137598#searchVariation%3DMLB27137598%26position%3D51%26search_layout%3Dgrid%26type%3Dproduct%26tracking_id%3D6eb7299e-ee8c-4ca4-ba85-847efebdb160,"R$279,90"
"HEADSET GAMER MANCER CRATER, RAINBOW, DRIVERS 50MM, PRETO",https://www.mercadolivre.com.br/headset-gamer-mancer-crater-rainbow-drivers-50mm-preto/p/MLB26833615#searchVariation%3DMLB26833615%26position%3D52%26search_layout%3Dgrid%26type%3Dproduct%26tracking_id%3D6eb7299e-ee8c-4ca4-ba85-847efebdb160,"R$96,09"
"Fone de ouvido over-ear gamer Havit H2232D 2xP2, RGB - Preto",https://www.mercadolivre.com.br/fone-de-ouvido-over-ear-gamer-havit-h2232d-2xp2-rgb-preto/p/MLB16591528#searchVariation%3DMLB16591528%26position%3D49%26search_layout%3Dgrid%26type%3Dproduct%26tracking_id%3D6eb7299e-ee8c-4ca4-ba85-847efebdb160,"R$100,00"
Fone de ouvido over-ear gamer Havit Gamer H2232D H2232D branco com luz  rgb LED,https://www.mercadolivre.com.br/fone-de-ouvido-over-ear-gamer-havit-gamer-h2232d-h2232d-branco-com-luz-rgb-led/p/MLB29693948#searchVariation%3DMLB29693948%26position%3D2%26search_layout%3Dgrid%26type%3Dproduct%26tracking_id%3D3b1cb1cb-4c10-4279-99c6-1e915c576584,"R$78,90"
Headset Gamer Mancer Twilight Rgb Drivers 50mm Cor Preto,https://www.mercadolivre.com.br/headset-gamer-mancer-twilight-rgb-drivers-50mm-cor-preto/p/MLB23174784#searchVariation%3DMLB23174784%26position%3D3%26search_layout%3Dgrid%26type%3Dproduct%26tracking_id%3D3b1cb1cb-4c10-4279-99c6-1e915c576584,"R$87,99"
Fone de ouvido Headset Gamer HAVIT H2002d P3 PS3/PS4/XBOX/PC Preto,https://www.mercadolivre.com.br/fone-de-ouvido-headset-gamer-havit-h2002d-p3-ps3ps4xboxpc-preto/p/MLB15345937#searchVariation%3DMLB15345937%26position%3D4%26search_layout%3Dgrid%26type%3Dproduct%26tracking_id%3D3b1cb1cb-4c10-4279-99c6-1e915c576584,"R$210,00"
Fone Headset Gamer C/ Luz Led P/ Celular Jogar Free Fire Cor Preto Cor da luz Rainbow,https://www.mercadolivre.com.br/fone-headset-gamer-c-luz-led-p-celular-jogar-free-fire-cor-preto-cor-da-luz-rainbow/p/MLB19819953#searchVariation%3DMLB19819953%26position%3D5%26search_layout%3Dgrid%26type%3Dproduct%26tracking_id%3D3b1cb1cb-4c10-4279-99c6-1e915c576584,"R$47,00"
"HAVIT Fone de Ouvido Headset Gamer FUXI-H3 Quad-Mode (com fio e sem fio, Wireless 2,4GHz, Bluetooth, Cabo USB-C, Cabo Auxiliar 3.5mm). Surround, Baixa Latência - Preto",https://www.mercadolivre.com.br/havit-fone-de-ouvido-headset-gamer-fuxi-h3-quad-mode-com-fio-e-sem-fio-wireless-24ghz-bluetooth-cabo-usb-c-cabo-auxiliar-35mm-surround-baixa-latncia-preto/p/MLB27166077#searchVariation%3DMLB27166077%26position%3D6%26search_layout%3Dgrid%26type%3Dproduct%26tracking_id%3D3b1cb1cb-4c10-4279-99c6-1e915c576584,"R$219,00"
Headset com fio H390 USB Preto Logitech,https://www.mercadolivre.com.br/headset-com-fio-h390-usb-preto-logitech/p/MLB6417063#searchVariation%3DMLB6417063%26position%3D7%26search_layout%3Dgrid%26type%3Dproduct%26tracking_id%3D3b1cb1cb-4c10-4279-99c6-1e915c576584,"R$210,00"
"Headset Estéreo H111 multidispositivos 3,5 mm Cinza Logitech",https://www.mercadolivre.com.br/headset-estereo-h111-multidispositivos-35-mm-cinza-logitech/p/MLB11754916#searchVariation%3DMLB11754916%26position%3D8%26search_layout%3Dgrid%26type%3Dproduct%26tracking_id%3D3b1cb1cb-4c10-4279-99c6-1e915c576584,"R$77,41"
Fone de ouvido over-ear gamer Havit Gamer H2002d H2002d vermelho,https://www.mercadolivre.com.br/fone-de-ouvido-over-ear-gamer-havit-gamer-h2002d-h2002d-vermelho/p/MLB15830186#searchVariation%3DMLB15830186%26position%3D9%26search_layout%3Dgrid%26type%3Dproduct%26tracking_id%3D3b1cb1cb-4c10-4279-99c6-1e915c576584,"R$199,98"
Headset Office P/ Computador Telefone C/ Conector Usb 5+,https://www.mercadolivre.com.br/headset-office-p-computador-telefone-c-conector-usb-5/p/MLB21364840#searchVariation%3DMLB21364840%26position%3D13%26search_layout%3Dgrid%26type%3Dproduct%26tracking_id%3D3b1cb1cb-4c10-4279-99c6-1e915c576584,"R$109,90"
Fone De Ouvido Headset Gamer Rgb Led Pc Computador Vídeogame,https://click1.mercadolivre.com.br/mclics/clicks/external/MLB/count?a=woLK0azANi2cilOBhox4wJBswx5dOAROyghVwAzpisrtCZgLAexCpJm1l2o0k%2BFpoBSD%2FdzX8UFGsPrcXA64h55zV%2FtbTIQyMHAR5%2F27loLCSUzbPvTh5I2JX9M%2BJA8uxj78UcOazfuqNqEy04YoTUgv7gGTmycl%2F5mux9vt5GBpci9OTuAYNOaQykMfcoMCsU2LUZX4eaniNF7aFEvrqgqytt7f005zPjsQQnWfhd%2FNW6L%2F0cmxlfaPA8loBT6phx2%2BjLDq7BT0zXeljaEiQ82tlxzgJxLG%2BO%2BPJGHW7sY2fBR%2BKRrw8OGfS16hKI%2BFusC3n5HEPJjKJO052FoB%2BmyI%2Bqqx9n6tgmbswcXFmGFmmkqyWw%2FGqDWVqKq19U9r7cvqe3i6tdpla0nF1oLBOqIf1rhOpnets%2FRSKy7BFYD5LUJhfl3iWITkZc8UCpIUFLR1HcbOO1jq5d%2Fej5ZNoXfddgF9u7piZjRVlGy94OxhuVcHgAg5uyPhg7UiE3MUTFC36Tm4B5UM3bNaN88541lxPOkO0ArkgVIr3e4jpkPwhTE6ZESg8maSqnrQNh2mMBd5HGtTH3Y5f8xnqi7%2BTEV6SQiazG7pMzRVtwdaPQawA4lI5WNaaVW7dOI2Yr8pinITKJbQuCh%2F%2FzzsvsEzYPYs8PJh8ETMYJ%2Fp93DXRKeZE%2FORj%2B92KvXflChWv2dO6tXbuDPFmC7seOIo4DyL6foqPOc4u8MoDdYZ%2FKWeY1KA9wq2cVY58CbZ1fTO&e=mclics%2Fpseudo-search-pads-buybox%2B7708%2Cmclics%2Fdiscard-bid-lt-min%2B45362%2Cmclics%2Fmax-bid-capped%2B36382%2Cmclics%2Fmax-bid-item-factor%2B23927&rb=x,"R$63,65"
Fone De Ouvido Headset Gamer Led Rgb Pc Computador Videogame,https://click1.mercadolivre.com.br/mclics/clicks/external/MLB/count?a=ot8ZOHH1lBFY6gYs99D7Sz7brhMqrSMnJ9NYX%2BuiNRp07H6b%2BUscMX29hWca3Nci28Yg%2F%2FDsswVX5F0COtLW%2BCTnyqngSp22m%2FEqsFNVjtYPucBiGZNae4Jo6fUj4%2FMtoSE65a%2FP5uwQIXbGiZEl6b%2BTsBiQSp4mx6qM8sUZCa9LZqEnc%2FsZ4aqkjeSQO3rokaqRuNsysW3tPtODH7yLbsVe5mXAQtTmioUS4THLh5081qvv54f1bKAB%2B1caPVnK9wmYisR4NYUQlZYFcG%2Bbt3vYCVQxzBzDOVwndMJEXi7VNcxMQYvxYz7YSyLKNOMg%2BIR60IV1MoODXLxSyLyNI7t831NzBwAdpX0SDVf8K%2FZepdnkBo93oXWy9qnW699CEDmY0AUcJIw9maHPTo%2FGud9Xvj1kI9ArBvswVl%2F4C7lKkK2ea5sVJ30eGKLGuLa38jzqACb%2BC1smLb9zjb%2BRFmdsC4FkqhLi9adjoZAvzNYftzBaPdMjkD3Z%2FHsB7HE8Q3w%2BJORTURya6eZnOYM6iH4Th%2BsSpum%2FpWD4yfN9%2F2KBftx6eyhCQ%2FfSH5qvkXKzwpK9WLcbVqUQaP5vzjEdjkIion0ckqeQ6tdbo1O0aSueNn3EmvfBy05inoZqbHXDJGaNKgvUgsa4nusHf7oZ1QPLOChGnQHKtn9WBBEgcQ7jZp2VLyCqcElteXCUczOjOu0qgHineoVa%2BbKXQ%2FtpENa9Vq5LneEGXKd3N%2FSTz%2FdcP3SgLyhL%2FtbA79s%3D&e=mclics%2Fpseudo-search-pads-buybox%2B7708%2Cmclics%2Fdiscard-bid-lt-min%2B45362%2Cmclics%2Fmax-bid-capped%2B36382%2Cmclics%2Fmax-bid-item-factor%2B23927&rb=x,"R$52,46"
Fone De Ouvido Gamer Headset Gamer Pc Celular Ps4 Ps5 Xbox,https://click1.mercadolivre.com.br/mclics/clicks/external/MLB/count?a=jB1nyR6FqPCfgNqIcQeKYaV4sf1d7pOqb0yfqSbNjoEwE%2BdiLGYBk5xwL8A%2B43o5sm%2B6wwpQjXVUcz5BTAiPGGVD5ttHAvo1wd9l6%2FWQUGtgFaPFLA5YKoxyCoGaiv4w9bSx%2FGCCBOiNM5cdfvtuQl4eeUWytF7J05biTACPl43%2BMgJGVw6NXNfdyeCdNNGgvslXjVymMf%2FdxdM7%2FbXVMuWMvevlVflRBm3bUhsJalc7Yesjdz5v7pXcM9616%2FZKZUerGob1nrRTcy%2FkHcZcO2SqFlHPswQdgJikmz1SYrjNomNC4nY14DmawRKFqbfVP4SObAj3hnn9P2HnTUvHUzwrFAW2%2BhiPDNgvUQ7AY8jnmRhosXRxq%2FpHa%2FEVHU5HeuNYXzdup5w%2BTCXkdK3twuvW9B4WqaXcxVN7Gw9fj1zYB5tbJ56g6LZp6949BNVEXpgxsJKdyWtK%2Bs5vAzKltzXik9P7UuqmUo4toydY6PeHEcOcj3hv1LmLiXta9TEjbweHIOrUb6ymcf0L7oTman1XO5lqOmg%2FLbIUpucSPAxNt7UE7x0us%2BPG6Sj9qms7Kg9jSh1Y6Jour%2FKrWm6mhMSL5ICfHv0STsI4jpwnfI%2FEuPQa6LKaCCLB9Xbc%2FDV3x9JD%2BqybxoYaYrVZylKOZpiNBxqV7Gh%2BqGqTIBsY%2Fj%2FoCiqd0Kh0N5mesYKVVVjBa2b0osyxoQvOiXeMMK3ckK4MeDXjL3Wxnu8wX9ZrEKBWrFGYVdDOwkaS&e=mclics%2Fpseudo-search-pads-buybox%2B7708%2Cmclics%2Fdiscard-bid-lt-min%2B45362%2Cmclics%2Fmax-bid-capped%2B36382%2Cmclics%2Fmax-bid-item-factor%2B23927&rb=x,"R$57,59"
Headset Gamer Havit Gamenote H2002y Mic Removível Preto,https://www.mercadolivre.com.br/headset-gamer-havit-gamenote-h2002y-mic-removivel-preto/p/MLB27846566#searchVariation%3DMLB27846566%26position%3D14%26search_layout%3Dgrid%26type%3Dproduct%26tracking_id%3D3b1cb1cb-4c10-4279-99c6-1e915c576584,"R$189,99"
Headset Gamer Qcy H2 Bluetooth 5.3 Multiponto On-ear 3d 60h Cor Preto,https://www.mercadolivre.com.br/headset-gamer-qcy-h2-bluetooth-53-multiponto-on-ear-3d-60h-cor-preto/p/MLB25907254#searchVariation%3DMLB25907254%26position%3D15%26search_layout%3Dgrid%26type%3Dproduct%26tracking_id%3D3b1cb1cb-4c10-4279-99c6-1e915c576584,"R$179,10"
Fone de ouvido over-ear gamer sem fio Onikuma Gamer K1-B K1 camouflage yellow,https://www.mercadolivre.com.br/fone-de-ouvido-over-ear-gamer-sem-fio-onikuma-gamer-k1-b-k1-camouflage-yellow/p/MLB14705580#searchVariation%3DMLB14705580%26position%3D16%26search_layout%3Dgrid%26type%3Dproduct%26tracking_id%3D3b1cb1cb-4c10-4279-99c6-1e915c576584,"R$69,99"
Suporte De Mesa P/ Headset Headphone Fone Modelo Champions Cor Preto,https://www.mercadolivre.com.br/suporte-de-mesa-p-headset-headphone-fone-modelo-champions-cor-preto/p/MLB22643036#searchVariation%3DMLB22643036%26position%3D17%26search_layout%3Dgrid%26type%3Dproduct%26tracking_id%3D3b1cb1cb-4c10-4279-99c6-1e915c576584,"R$29,90"
Fone De Ouvido Gamer Headset Havit H2015d Pc/xbox/ps4/ps5,https://www.mercadolivre.com.br/fone-de-ouvido-gamer-headset-havit-h2015d-pcxboxps4ps5/p/MLB19693803#searchVariation%3DMLB19693803%26position%3D18%26search_layout%3Dgrid%26type%3Dproduct%26tracking_id%3D3b1cb1cb-4c10-4279-99c6-1e915c576584,"R$189,99"
Suporte De Mesa Para Fone De Ouvido Headfone Gamer2 Cor Preto,https://www.mercadolivre.com.br/suporte-de-mesa-para-fone-de-ouvido-headfone-gamer2-cor-preto/p/MLB22591810#searchVariation%3DMLB22591810%26position%3D22%26search_layout%3Dgrid%26type%3Dproduct%26tracking_id%3D3b1cb1cb-4c10-4279-99c6-1e915c576584,"R$39,00"
Headset Top Use Fp-350 Usb Com Cancelador De Ruído,https://click1.mercadolivre.com.br/mclics/clicks/external/MLB/count?a=O6Tgjz8wd81kVYnMOy7yQBAGyMzzyP3EJMYk1NBNpdRoKfazv6hBt1AB8Gtr3v1CqEIn8dKVB9zR6ql7ivwWiCbwoLRF20YZenJMWTZ6v69zcka5r3vEc4dCLLNbYjQliHjTJhTmwrV%2BYJMN3M%2BJ8QqzjMAURbdBicI3Bw0F1S9Aq7Y9SRb%2FDBPyi9RxRduS6ZuY%2BNbpIZxtPwgPtY1uNp1G22w%2F4DtXairD6KuGY3lKYyRQ96rmM9H3guKX1I%2F6rZTWHv64%2FDtqATCIdBqMIfi8NhfG0pipQIejGZGmevffdvQE8A%2FZfyKMy4fTUxQfHw6ByFygo%2FQyfwUzPVmvJYEmxKZ7xLOvHqHtchGpLQjDRG1mDgHneI26imDkUwmZfFpsYxt3c5Y8bx27u%2BZ4Leq9xXWkvfIPRjMdAEiFK%2FxJ6Pn3PmTfsi%2FPbcDrVJ5Rot1anW0H7P4eHwoEEaAy2ROcO98WuZNmIsXzrBUsx7F4ujKdG41iLk0b9r5hb75DMlhR728ONVHXhOQFaoUD0Syhh2QiPZPUDk2b1lcu%2FG%2Fua%2B8SVPKO9Dqph913bCxmBpCYbHEe5k8AhPIfOlJy8K0%2FGYJsf6bul1R0ifuuvCAeNk17bwLHg9Na8gTaBt7sEBaVK8nTWNK63cUivJ13rlLteSyRkMcHIcqdsEA7zhAq2LCvISq9Ykw8xCqTrYnT3WwcLd54BhK%2BvjFp932JXlP12nO7uA%2B5pUduLpU3KfnA&e=mclics%2Fpseudo-search-pads-buybox%2B7708%2Cmclics%2Fdiscard-bid-lt-min%2B45362%2Cmclics%2Fmax-bid-capped%2B36382%2Cmclics%2Fmax-bid-item-factor%2B23927&rb=x,"R$195,00"
Headset Gamer Fone Ouvido Usb Com Microfone Ps5 Xbox Pc Nf-e,https://click1.mercadolivre.com.br/mclics/clicks/external/MLB/count?a=uTTdyX5nYdwJFHmQhW%2B7VUIl%2Fc0Ty6wWmppTMJG9TZ3dem7HG4bU3V5MHcsXZdd1S8j0ZE012Jyrr5XZ%2FYtUSxPbRN0hcR5VEgUsUe6jbj7kmZKd21bmdfWe1nRvxLQpKH3WVDYQpgGBLWKbS2vd22NR6xoydp05qLPlL1Vao4hQNYv1%2Fz7QRqH%2FB%2F6nqB3y6nJJ7zLdbHh8m7WxGEehP8Z%2B2quOkOLuux4BcRKldKiJxK4SDMkZfWOOunjrmDX4jseG2bbBGdQQIuS5jvzqQOaKRj4dpH8h50T3evQ7Kwo59ZjYRp2HIpdjldJBbi71E%2BUz%2B1XklsDL3Mj6IQsiZXcGyFeo6CBI63bsEI1XlvB4%2FZTxo0Dg%2BhMcCOEf8Ga62GxG4PCZqMqIii3G7mft9pJyX8XJRxW8dRDl1XG%2BDI1qAqSgPkt0%2BFzxlG9rhrBHVbEYzOuoxcCJw6KOqfqNFhVxZGt6MyDgRZwRbJ6xpZjswWKv6Dt5k%2F7n6PZ2wiTjVh7EYzotCawTSSV4YXZDMkgKPJneWDolJfsxacLKlNmePf%2FG2GfU5%2FBNKAFS6B3jAil%2BRku8RxznPvaBsiAW0hXQXopCZJIThoF2dznYrswfm1QTucy9ll8mqY7DCIoGMUhdw%2Bj3dVYxb9z6zUOOyWQCDDPnEuaXPKK81t9wyuQXtJEBatrH69UBP3Mshbg%2F99cMs8l7tQpyBg708OPr7B14NBsUFItJn05YYNsYjl1DXGoajckAtZY%2FB96vJP9jwjeawKH0GdtetfEmjkOS7dWjO2ZddIOWNf2xW2g1oBsLghWH2VbAaWhGaz%2FKhleUEZy5VCeRvfXQ%2BPbtQznxlOw%3D&e=mclics%2Fpseudo-search-pads-buybox%2B7708%2Cmclics%2Fdiscard-bid-lt-min%2B45362%2Cmclics%2Fmax-bid-capped%2B36382%2Cmclics%2Fmax-bid-item-factor%2B23927&rb=x,"R$189,90"
Headset Gamer Ps4 Celular Games Pc C/mudo Profissional,https://click1.mercadolivre.com.br/mclics/clicks/external/MLB/count?a=i6b%2FYJRzSp1h2Xp%2BMandLBoNihvkKx830NnOH3nSVBsNysWC72x2v4KhyGiIdX9yV64KFEO7kI9culQ2BtdGROphZou10vTGAD2%2BUSF03SdnPe1gAuNvftyHVz6Cw9V1tZmHQmVeSOF1%2F1PLeKSGhbT1Eq1uXHStYiLJtNNIApHkSngMsPRGplnpS3wF5QJiD5TAeYV8Za9UtPQW6MABixuaz01vh%2FFCxAU%2FsyVBhbDAe8m83DHXTluI1hdmh9Y9ULFkTiU6097K%2BMFfMXBKNfzzFSDCXA3FXkA8JIzrwtyuV8LlwKo8lpEGwjMlvJnYKJyzVsZfpkqUw6lbJ7v%2BRtdlfhXTf%2F0vd5DmEpOVii1xObwGIdbJqLa%2F10U%2BptYiV6bfcUTJoDNdOrXFFj%2FYEfVhiI9z1%2BBJVQYtAzIH3ZfimxVSb0TkXXPM8ngY4wGluXQW3uZamGDk%2Bm%2BMMTEMrtUjbRHHEYmRQu1M2FrXtRKpBKqC4bxtpPtQN%2BZ3kB%2BL2eczTdrl5AlZeFSwFGTPEvg3m%2FSm0B4HcNHEjJuc8wK6Znp9qq3TJQrbx3jUqGeYDe6Vl2vBs9edKvNwgmJx1KTj%2Fmr4lcIGdfwXJ%2B%2Fto60lK2UMQIVCufmoLhoIzkg%2F9ekisStzYuLtDnLJWLC%2BBnrmzh4dPLlTYiWFvHgJBj8PPjR7XXjQfO1OQwUBJqJHYCva81eGlWYDBBzjFP67w%2FV%2FOuY6GKZ%2BVgD%2Bw4m5kU%2B6z91qYA%3D%3D&e=mclics%2Fpseudo-search-pads-buybox%2B7708%2Cmclics%2Fdiscard-bid-lt-min%2B45362%2Cmclics%2Fmax-bid-capped%2B36382%2Cmclics%2Fmax-bid-item-factor%2B23927&rb=x,"R$65,72"
Headset Fone Para Pc Telemarketing Callcenter Com Mute Usb Cor Preto,https://www.mercadolivre.com.br/headset-fone-para-pc-telemarketing-callcenter-com-mute-usb-cor-preto/p/MLB20203862#searchVariation%3DMLB20203862%26position%3D23%26search_layout%3Dgrid%26type%3Dproduct%26tracking_id%3D3b1cb1cb-4c10-4279-99c6-1e915c576584,"R$99,80"
Espumas Almofadas Compatível Bose Qc25 Qc35 Qc15 Qc45 Ae2 Cor Preto / LR Preto,https://www.mercadolivre.com.br/espumas-almofadas-compativel-bose-qc25-qc35-qc15-qc45-ae2-cor-preto-lr-preto/p/MLB24253820#searchVariation%3DMLB24253820%26position%3D24%26search_layout%3Dgrid%26type%3Dproduct%26tracking_id%3D3b1cb1cb-4c10-4279-99c6-1e915c576584,"R$44,34"
Headset Fifine Ampligame H6 Rgb 7.1 Surround Gamer Cor Preto,https://www.mercadolivre.com.br/headset-fifine-ampligame-h6-rgb-71-surround-gamer-cor-preto/p/MLB20326640#searchVariation%3DMLB20326640%26position%3D25%26search_layout%3Dgrid%26type%3Dproduct%26tracking_id%3D3b1cb1cb-4c10-4279-99c6-1e915c576584,"R$285,00"
Headset Gamer Redragon Minos Overear 7.1 Surround Usb Branco Luz Vermelho,https://www.mercadolivre.com.br/headset-gamer-redragon-minos-overear-71-surround-usb-branco-luz-vermelho/p/MLB19591937#searchVariation%3DMLB19591937%26position%3D26%26search_layout%3Dgrid%26type%3Dproduct%26tracking_id%3D3b1cb1cb-4c10-4279-99c6-1e915c576584,"R$128,00"
Headset Gamer Com Fio E Microfone Quantum 300 Preto Jbl Cor da luz n/a,https://www.mercadolivre.com.br/headset-gamer-com-fio-e-microfone-quantum-300-preto-jbl-cor-da-luz-na/p/MLB18607184#searchVariation%3DMLB18607184%26position%3D27%26search_layout%3Dgrid%26type%3Dproduct%26tracking_id%3D3b1cb1cb-4c10-4279-99c6-1e915c576584,"R$438,00"
"HAVIT Fone de Ouvido Headset Gamer FUXI-H3 Quad-Mode (com fio e sem fio, Wireless 2,4GHz, Bluetooth, Cabo USB-C, Cabo Auxiliar 3.5mm). Surround, Baixa Latência - Branco",https://www.mercadolivre.com.br/havit-fone-de-ouvido-headset-gamer-fuxi-h3-quad-mode-com-fio-e-sem-fio-wireless-24ghz-bluetooth-cabo-usb-c-cabo-auxiliar-35mm-surround-baixa-latncia-branco/p/MLB29023671#searchVariation%3DMLB29023671%26position%3D28%26search_layout%3Dgrid%26type%3Dproduct%26tracking_id%3D3b1cb1cb-4c10-4279-99c6-1e915c576584,"R$219,00"
Headset Gamer Havit H2002d Edição Cores White Red Roxo Pink Cor Azul,https://www.mercadolivre.com.br/headset-gamer-havit-h2002d-edico-cores-white-red-roxo-pink-cor-azul/p/MLB26892220#searchVariation%3DMLB26892220%26position%3D29%26search_layout%3Dgrid%26type%3Dproduct%26tracking_id%3D3b1cb1cb-4c10-4279-99c6-1e915c576584,"R$199,99"
Headset Gamer Motospeed H11 Led Vermelho 3.5 Usb Driver 40mm Cor Preto,https://www.mercadolivre.com.br/headset-gamer-motospeed-h11-led-vermelho-35-usb-driver-40mm-cor-preto/p/MLB22334709#searchVariation%3DMLB22334709%26position%3D30%26search_layout%3Dgrid%26type%3Dproduct%26tracking_id%3D3b1cb1cb-4c10-4279-99c6-1e915c576584,"R$71,10"
"Hyperx Cloud 3, Diadema Gamer Dts®, PC, Ps5|4, Xbox X|S/One Color Preto/Preto",https://www.mercadolivre.com.br/hyperx-cloud-3-diadema-gamer-dts-pc-ps54-xbox-xsone-color-pretopreto/p/MLB27673837#searchVariation%3DMLB27673837%26position%3D31%26search_layout%3Dgrid%26type%3Dproduct%26tracking_id%3D3b1cb1cb-4c10-4279-99c6-1e915c576584,"R$486,90"
Headset Gamer Hp H320gs 7.1 Com Led - Preto E Azul,https://www.mercadolivre.com.br/headset-gamer-hp-h320gs-71-com-led-preto-e-azul/p/MLB19725205#searchVariation%3DMLB19725205%26position%3D32%26search_layout%3Dgrid%26type%3Dproduct%26tracking_id%3D3b1cb1cb-4c10-4279-99c6-1e915c576584,"R$199,90"
Fone de ouvido over-ear gamer Bright Headset office 0010,https://www.mercadolivre.com.br/fone-de-ouvido-over-ear-gamer-bright-headset-office-0010/p/MLB16158980#searchVariation%3DMLB16158980%26position%3D33%26search_layout%3Dgrid%26type%3Dproduct%26tracking_id%3D3b1cb1cb-4c10-4279-99c6-1e915c576584,"R$21,58"
Fone de ouvido on-ear gamer Redragon Gamer Ares H120 preto e vermelho,https://www.mercadolivre.com.br/fone-de-ouvido-on-ear-gamer-redragon-gamer-ares-h120-preto-e-vermelho/p/MLB16056056#searchVariation%3DMLB16056056%26position%3D34%26search_layout%3Dgrid%26type%3Dproduct%26tracking_id%3D3b1cb1cb-4c10-4279-99c6-1e915c576584,"R$77,90"
Headphone Gamer Havit H630bt ENC Bluetooth 5.3 On-ear 3d 55h Cor Preto,https://www.mercadolivre.com.br/headphone-gamer-havit-h630bt-enc-bluetooth-53-on-ear-3d-55h-cor-preto/p/MLB25967798#searchVariation%3DMLB25967798%26position%3D35%26search_layout%3Dgrid%26type%3Dproduct%26tracking_id%3D3b1cb1cb-4c10-4279-99c6-1e915c576584,"R$158,99"
Espumas Almofadas Compatível Bose Qc25 Qc35 Qc15 Qc45 Ae2 Cor Cinza,https://www.mercadolivre.com.br/espumas-almofadas-compativel-bose-qc25-qc35-qc15-qc45-ae2-cor-cinza/p/MLB24250839#searchVariation%3DMLB24250839%26position%3D36%26search_layout%3Dgrid%26type%3Dproduct%26tracking_id%3D3b1cb1cb-4c10-4279-99c6-1e915c576584,"R$44,34"
Kit 2 Suporte Headset Gamer Headphone Fone De Ouvido Parede Cor Preto,https://www.mercadolivre.com.br/kit-2-suporte-headset-gamer-headphone-fone-de-ouvido-parede-cor-preto/p/MLB23888331#searchVariation%3DMLB23888331%26position%3D37%26search_layout%3Dgrid%26type%3Dproduct%26tracking_id%3D3b1cb1cb-4c10-4279-99c6-1e915c576584,"R$29,00"
Headset Gamer Havit Gamenote H2002bg Usb Bt 2.4hz Preto Cor da luz RGB,https://www.mercadolivre.com.br/headset-gamer-havit-gamenote-h2002bg-usb-bt-24hz-preto-cor-da-luz-rgb/p/MLB27849333#searchVariation%3DMLB27849333%26position%3D38%26search_layout%3Dgrid%26type%3Dproduct%26tracking_id%3D3b1cb1cb-4c10-4279-99c6-1e915c576584,"R$290,00"
Headset Gamer Havit Gamenote H2008d Mic Removível Branco,https://www.mercadolivre.com.br/headset-gamer-havit-gamenote-h2008d-mic-removivel-branco/p/MLB38058371#searchVariation%3DMLB38058371%26position%3D39%26search_layout%3Dgrid%26type%3Dproduct%26tracking_id%3D3b1cb1cb-4c10-4279-99c6-1e915c576584,"R$219,00"
Fone Headset Gamer Profissional Mento Rgb H270-rgb Redragon Cor Preto ,https://www.mercadolivre.com.br/fone-headset-gamer-profissional-mento-rgb-h270-rgb-redragon-cor-preto/p/MLB19777755#searchVariation%3DMLB19777755%26position%3D40%26search_layout%3Dgrid%26type%3Dproduct%26tracking_id%3D3b1cb1cb-4c10-4279-99c6-1e915c576584,"R$166,00"
Headset C3 Tech com Microfone Ph-340bk Usb Stereo com Controle Cor Preto,https://www.mercadolivre.com.br/headset-c3-tech-com-microfone-ph-340bk-usb-stereo-com-controle-cor-preto/p/MLB21886122#searchVariation%3DMLB21886122%26position%3D41%26search_layout%3Dgrid%26type%3Dproduct%26tracking_id%3D3b1cb1cb-4c10-4279-99c6-1e915c576584,"R$78,99"
Headset Mono Usb Blackwire C3210 Usb-a Single Plantronics,https://www.mercadolivre.com.br/headset-mono-usb-blackwire-c3210-usb-a-single-plantronics/p/MLB21895603#searchVariation%3DMLB21895603%26position%3D42%26search_layout%3Dgrid%26type%3Dproduct%26tracking_id%3D3b1cb1cb-4c10-4279-99c6-1e915c576584,"R$220,00"
Headset Gamer Astro A10 P/ Xbox Preto - 939-002046,https://www.mercadolivre.com.br/headset-gamer-astro-a10-p-xbox-preto-939-002046/p/MLB26056853#searchVariation%3DMLB26056853%26position%3D43%26search_layout%3Dgrid%26type%3Dproduct%26tracking_id%3D3b1cb1cb-4c10-4279-99c6-1e915c576584,"R$411,00"
Fone De Ouvido Headset Gamer Rgb Titorion HE-001 HE001 Cor Preto,https://www.mercadolivre.com.br/fone-de-ouvido-headset-gamer-rgb-titorion-he-001-he001-cor-preto/p/MLB27001420#searchVariation%3DMLB27001420%26position%3D44%26search_layout%3Dgrid%26type%3Dproduct%26tracking_id%3D3b1cb1cb-4c10-4279-99c6-1e915c576584,"R$136,80"
Fone de Ouvido Gamer Fortrek Headset H2 Pro Over LED Azul Cor Preto para PC,https://www.mercadolivre.com.br/fone-de-ouvido-gamer-fortrek-headset-h2-pro-over-led-azul-cor-preto-para-pc/p/MLB14141807#searchVariation%3DMLB14141807%26position%3D45%26search_layout%3Dgrid%26type%3Dproduct%26tracking_id%3D3b1cb1cb-4c10-4279-99c6-1e915c576584,"R$96,18"
Headset Logitech H390 Usb Controle De Volume Mute Branco,https://www.mercadolivre.com.br/headset-logitech-h390-usb-controle-de-volume-mute-branco/p/MLB24235357#searchVariation%3DMLB24235357%26position%3D46%26search_layout%3Dgrid%26type%3Dproduct%26tracking_id%3D3b1cb1cb-4c10-4279-99c6-1e915c576584,"R$203,00"
Headset Gamer Mancer MCR-AUR-RGB01 Preto Aura Rainbow Drivers 50MM,https://www.mercadolivre.com.br/headset-gamer-mancer-mcr-aur-rgb01-preto-aura-rainbow-drivers-50mm/p/MLB26972008#searchVariation%3DMLB26972008%26position%3D47%26search_layout%3Dgrid%26type%3Dproduct%26tracking_id%3D3b1cb1cb-4c10-4279-99c6-1e915c576584,"R$141,00"
Fone de ouvido on-ear gamer Top Use HTU-300 preto com luz LED,https://www.mercadolivre.com.br/fone-de-ouvido-on-ear-gamer-top-use-htu-300-preto-com-luz-led/p/MLB8901704#searchVariation%3DMLB8901704%26position%3D48%26search_layout%3Dgrid%26type%3Dproduct%26tracking_id%3D3b1cb1cb-4c10-4279-99c6-1e915c576584,"R$159,90"
Fone de ouvido Plantronics Blackwire C3220 USB Tipo A e Tipo C,https://www.mercadolivre.com.br/fone-de-ouvido-plantronics-blackwire-c3220-usb-tipo-a-e-tipo-c/p/MLB37929237#searchVariation%3DMLB37929237%26position%3D49%26search_layout%3Dgrid%26type%3Dproduct%26tracking_id%3D3b1cb1cb-4c10-4279-99c6-1e915c576584,"R$246,00"
Headset gamer sem fio 5+ HS-200 preto,https://www.mercadolivre.com.br/headset-gamer-sem-fio-5-hs-200-preto/p/MLB26858499#searchVariation%3DMLB26858499%26position%3D50%26search_layout%3Dgrid%26type%3Dproduct%26tracking_id%3D3b1cb1cb-4c10-4279-99c6-1e915c576584,"R$149,90"
Jabra Evolve 30 Ii Stereo Ms - Fones de ouvido de comunicação,https://www.mercadolivre.com.br/jabra-evolve-30-ii-stereo-ms-fones-de-ouvido-de-comunicaco/p/MLB34082527#searchVariation%3DMLB34082527%26position%3D51%26search_layout%3Dgrid%26type%3Dproduct%26tracking_id%3D3b1cb1cb-4c10-4279-99c6-1e915c576584,"R$361,00"
"HAVIT Fone de Ouvido Headset Gamer FUXI-H3 Quad-Mode (com fio e sem fio, Wireless 2,4GHz, Bluetooth, Cabo USB-C, Cabo Auxiliar 3.5mm). Surround, Baixa Latência - Cinza",https://www.mercadolivre.com.br/havit-fone-de-ouvido-headset-gamer-fuxi-h3-quad-mode-com-fio-e-sem-fio-wireless-24ghz-bluetooth-cabo-usb-c-cabo-auxiliar-35mm-surround-baixa-latncia-cinza/p/MLB29023672#searchVariation%3DMLB29023672%26position%3D52%26search_layout%3Dgrid%26type%3Dproduct%26tracking_id%3D3b1cb1cb-4c10-4279-99c6-1e915c576584,"R$219,00"
Fone Headset Home Office Sem Fio Bluetooth HS-203 - 5+,https://www.mercadolivre.com.br/fone-headset-home-office-sem-fio-bluetooth-hs-203-5/p/MLB27137598#searchVariation%3DMLB27137598%26position%3D53%26search_layout%3Dgrid%26type%3Dproduct%26tracking_id%3D3b1cb1cb-4c10-4279-99c6-1e915c576584,"R$279,90"
"HEADSET GAMER MANCER CRATER, RAINBOW, DRIVERS 50MM, PRETO",https://www.mercadolivre.com.br/headset-gamer-mancer-crater-rainbow-drivers-50mm-preto/p/MLB26833615#searchVariation%3DMLB26833615%26position%3D54%26search_layout%3Dgrid%26type%3Dproduct%26tracking_id%3D3b1cb1cb-4c10-4279-99c6-1e915c576584,"R$96,09"
"Fone de ouvido over-ear gamer Havit H2232D 2xP2, RGB - Preto",https://www.mercadolivre.com.br/fone-de-ouvido-over-ear-gamer-havit-h2232d-2xp2-rgb-preto/p/MLB16591528#searchVariation%3DMLB16591528%26position%3D55%26search_layout%3Dgrid%26type%3Dproduct%26tracking_id%3D3b1cb1cb-4c10-4279-99c6-1e915c576584,"R$100,00"
